air_temperature_k,process_temperature_k,rotational_speed_rpm,torque_nm,failure_type
298.9,309.1,2861,4.6,Power Failure
298.9,309,1410,65.7,Power Failure
298.4,308.3,1433,62.3,Power Failure
298.2,308.5,2678,10.7,Power Failure
298.4,308.7,1421,60.7,Power Failure
298.1,308.2,1420,63.9,Power Failure
297.5,308.3,2564,12.8,Power Failure
297.4,308.5,1399,61.5,Power Failure
297.4,308.7,2874,4.2,Power Failure
297.9,309.8,1336,71.6,Power Failure
296.4,307.4,2833,5.6,Power Failure
295.8,306.3,1235,76.2,Power Failure
295.7,306.2,2270,14.6,Power Failure
296.3,307.2,1319,68.3,Power Failure
296.9,307.5,2721,9.3,Power Failure
296.6,307.7,1386,62.3,Power Failure
296.7,307.8,1258,69,Power Failure
297,307.9,1296,69.1,Power Failure
298.4,309.5,2153,15.3,Power Failure
298.8,310.1,1243,74.5,Power Failure
298.9,310.2,2737,8.8,Power Failure
298,308.7,1479,58.5,Power Failure
298,308.7,1268,69.4,Power Failure
298.3,308,2886,3.8,Power Failure
298.2,307.9,1313,67.3,Power Failure
298.1,307.7,2567,12.8,Power Failure
298.5,308.2,1301,66.3,Power Failure
299.3,308.9,1258,69.4,Power Failure
299.5,308.7,2549,13,Power Failure
299.4,308.7,1446,62.9,Power Failure
298.9,308.2,1372,63.6,Power Failure
299.2,308.6,1267,68.2,Power Failure
299.1,308.8,1320,67.5,Power Failure
300.6,309.4,1367,63.2,Power Failure
300.5,309.8,1324,72.8,Power Failure
300.4,309.9,2563,12.8,Power Failure
301.5,310.9,2760,8,Power Failure
301.5,310.4,2639,12,Power Failure
301.8,310.6,2672,11.8,Power Failure
302.4,311,1338,67.6,Power Failure
302.7,311.6,2709,9.7,Power Failure
302.6,311.5,1442,59.8,Power Failure
302.3,311.4,1333,66.7,Power Failure
302.1,311.2,1454,59.2,Power Failure
301.9,311,2691,12.1,Power Failure
301.9,310.6,1331,68.6,Power Failure
302.6,311,1284,68,Power Failure
301.8,310.1,2372,13.9,Power Failure
301.8,310.2,2825,5.8,Power Failure
301.7,309.8,1284,68.2,Power Failure
302,309.7,1386,62.7,Power Failure
302.6,310.4,1365,66.8,Power Failure
302.6,310.2,2676,10.8,Power Failure
303.7,312,2663,11.4,Power Failure
303.4,312.2,1337,69.4,Power Failure
303.5,312.4,1284,70.6,Power Failure
303.8,313.1,2497,13,Power Failure
303.6,312.8,2659,11.4,Power Failure
304,313.2,1271,68.6,Power Failure
303.4,312.6,2706,9.8,Power Failure
302.8,312.3,1262,70.5,Power Failure
302.6,312.1,1288,68.5,Power Failure
303,312.2,1257,71.3,Power Failure
303.1,312.4,1404,61.5,Power Failure
302.4,311.9,1290,70,Power Failure
300.7,310.2,1364,65.3,Power Failure
300.7,310.9,1356,65.3,Power Failure
301.1,310.9,1282,67.9,Power Failure
300.8,310.1,1405,61.2,Power Failure
301.1,310.4,1312,73.6,Power Failure
301.4,310.7,1368,63.7,Power Failure
301.6,310.6,1309,65.8,Power Failure
301.5,310.7,1336,65.6,Power Failure
301.1,310.7,2636,12.2,Power Failure
300.8,311.4,1322,67.2,Power Failure
300.7,311.1,2478,13.4,Power Failure
300.5,310.5,2633,12.2,Power Failure
300.7,310.4,1416,61.8,Power Failure
299.9,310.2,1288,69.6,Power Failure
300.1,311.3,2579,12.5,Power Failure
300.3,311.2,1381,65.2,Power Failure
300.2,311,1255,71.8,Power Failure
300.4,311.6,1200,76.6,Power Failure
300.8,312.4,1465,59.1,Power Failure
301,312.2,2710,9.7,Power Failure
299,310.3,1303,68.6,Power Failure
298.7,310.1,1402,69.7,Power Failure
298.5,309.7,2617,12.1,Power Failure
297.5,308.1,1334,72,Power Failure
297.3,308.3,1459,59.6,Power Failure
297.2,307.9,1326,75.4,Power Failure
297.8,309,1403,64.2,Power Failure
299,310.2,1377,62.5,Power Failure
298.5,309.5,1294,66.7,Power Failure
298.6,308.2,1361,68.2,Power Failure
300.8,309.4,1342,62.4,Heat Dissipation Failure
302.3,310.9,1377,46.8,Heat Dissipation Failure
302.3,310.8,1377,47.3,Heat Dissipation Failure
302.3,310.9,1379,49.3,Heat Dissipation Failure
302.3,310.9,1360,44,Heat Dissipation Failure
302.1,310.6,1326,59.1,Heat Dissipation Failure
302.3,310.9,1366,48.4,Heat Dissipation Failure
302.1,310.7,1294,62.4,Heat Dissipation Failure
302,310.4,1357,58,Heat Dissipation Failure
302,310.4,1336,58.2,Heat Dissipation Failure
301.9,310.4,1376,54.9,Heat Dissipation Failure
301.9,310.4,1370,51.7,Heat Dissipation Failure
302.1,310.7,1325,45.1,Heat Dissipation Failure
302.1,310.7,1376,46.3,Heat Dissipation Failure
302.1,310.7,1364,47.8,Heat Dissipation Failure
301.9,310.4,1286,62.8,Heat Dissipation Failure
301.7,310.2,1311,57.4,Heat Dissipation Failure
301.7,310.2,1331,61.2,Heat Dissipation Failure
301.9,310.4,1373,48,Heat Dissipation Failure
302,310.4,1212,55.6,Heat Dissipation Failure
302,310.5,1370,44.4,Heat Dissipation Failure
302,310.5,1263,60.6,Heat Dissipation Failure
302.2,310.6,1346,47.5,Heat Dissipation Failure
302.2,310.6,1355,51.5,Heat Dissipation Failure
302.2,310.6,1346,49.2,Heat Dissipation Failure
302.4,310.9,1349,46.1,Heat Dissipation Failure
302.4,310.7,1362,54.8,Heat Dissipation Failure
302.2,310.6,1334,53.2,Heat Dissipation Failure
302.2,310.6,1348,48.4,Heat Dissipation Failure
302.1,310.7,1314,52.8,Heat Dissipation Failure
302.1,310.7,1359,49.3,Heat Dissipation Failure
302.6,311,1369,60,Heat Dissipation Failure
302.5,310.9,1330,56.9,Heat Dissipation Failure
302.5,310.9,1356,55.5,Heat Dissipation Failure
302.6,311,1329,48.6,Heat Dissipation Failure
302.7,311.1,1297,60.7,Heat Dissipation Failure
302.6,310.9,1331,52,Heat Dissipation Failure
302,310.1,1361,45.4,Heat Dissipation Failure
301.9,309.9,1374,48.5,Heat Dissipation Failure
301.8,309.9,1334,61,Heat Dissipation Failure
301.7,309.9,1317,49,Heat Dissipation Failure
301.4,309.9,1259,63.9,Heat Dissipation Failure
301.8,310.3,1341,50.5,Heat Dissipation Failure
301.6,310.1,1362,55.8,Heat Dissipation Failure
301.6,310.1,1326,48.2,Heat Dissipation Failure
302,309.8,1280,57.3,Heat Dissipation Failure
302.1,310.1,1379,48.2,Heat Dissipation Failure
302,309.9,1308,57.6,Heat Dissipation Failure
301.7,309.5,1298,65.5,Heat Dissipation Failure
302.1,310,1355,45.1,Heat Dissipation Failure
302.2,310.1,1368,51.6,Heat Dissipation Failure
302.3,310.1,1353,50.9,Heat Dissipation Failure
302.4,310.2,1331,45.5,Heat Dissipation Failure
302.5,310.3,1326,58.5,Heat Dissipation Failure
302.4,310.1,1358,54.6,Heat Dissipation Failure
302.6,310.2,1325,62.4,Heat Dissipation Failure
302.4,310.1,1379,48.9,Heat Dissipation Failure
302.3,310.1,1321,52.7,Heat Dissipation Failure
302.5,310.2,1329,50.6,Heat Dissipation Failure
302.4,310.3,1374,51.2,Heat Dissipation Failure
302.4,310.3,1378,54.3,Heat Dissipation Failure
302.7,310.5,1263,67.8,Heat Dissipation Failure
302.7,310.5,1351,41.8,Heat Dissipation Failure
302.7,310.4,1305,55.2,Heat Dissipation Failure
302.6,310.4,1359,57.2,Heat Dissipation Failure
302.5,310.2,1307,54,Heat Dissipation Failure
302.4,310.2,1346,62.4,Heat Dissipation Failure
302.4,310.5,1372,45.7,Heat Dissipation Failure
302.4,310.3,1375,52.5,Heat Dissipation Failure
302.4,310.2,1351,45.1,Heat Dissipation Failure
302.5,310.4,1349,55.1,Heat Dissipation Failure
302.7,310.6,1349,51.2,Heat Dissipation Failure
302.7,310.7,1369,47.5,Heat Dissipation Failure
302.7,310.8,1275,55,Heat Dissipation Failure
302.8,310.9,1312,52.2,Heat Dissipation Failure
303,311.2,1374,48.2,Heat Dissipation Failure
303,311.2,1361,47.6,Heat Dissipation Failure
303,311,1359,44.2,Heat Dissipation Failure
303,311.1,1372,54.3,Heat Dissipation Failure
303,311.3,1365,56.2,Heat Dissipation Failure
303,311.3,1335,53.6,Heat Dissipation Failure
303.1,311.3,1336,52.6,Heat Dissipation Failure
303,311.2,1341,51,Heat Dissipation Failure
302.9,311.2,1330,53.7,Heat Dissipation Failure
303.2,311.4,1238,54.6,Heat Dissipation Failure
303.2,311.4,1324,54.2,Heat Dissipation Failure
303.2,311.4,1349,51.1,Heat Dissipation Failure
303.3,311.3,1350,48.1,Heat Dissipation Failure
303.4,311.4,1307,54,Heat Dissipation Failure
303.3,311.5,1373,47.3,Heat Dissipation Failure
303.6,311.8,1222,66.8,Heat Dissipation Failure
303.3,311.6,1337,56.8,Heat Dissipation Failure
303.4,311.7,1353,44.1,Heat Dissipation Failure
303.4,311.8,1366,50.9,Heat Dissipation Failure
303.4,311.8,1341,47,Heat Dissipation Failure
303.4,311.8,1306,61,Heat Dissipation Failure
303.3,311.6,1301,45.1,Heat Dissipation Failure
303.2,311.5,1336,58.2,Heat Dissipation Failure
303.2,311.4,1351,53.8,Heat Dissipation Failure
303.2,311.2,1363,46.7,Heat Dissipation Failure
303.4,311.7,1295,51.3,Heat Dissipation Failure
303.5,311.6,1361,46.5,Heat Dissipation Failure
303.7,311.9,1332,52.7,Heat Dissipation Failure
303.6,312,1309,52.9,Heat Dissipation Failure
303.5,311.9,1344,49.3,Heat Dissipation Failure
303.6,312.2,1371,54.6,Heat Dissipation Failure
303.5,312,1366,54.5,Heat Dissipation Failure
303.4,311.9,1377,41.6,Heat Dissipation Failure
303.3,311.8,1315,62,Heat Dissipation Failure
303.4,311.9,1298,63.9,Heat Dissipation Failure
303.4,311.8,1316,50.9,Heat Dissipation Failure
303.7,312.1,1363,51.8,Heat Dissipation Failure
298.1,308.6,1551,42.8,No Failure
298.2,308.7,1408,46.3,No Failure
298.1,308.5,1498,49.4,No Failure
298.2,308.6,1433,39.5,No Failure
298.2,308.7,1408,40,No Failure
298.1,308.6,1425,41.9,No Failure
298.1,308.6,1558,42.4,No Failure
298.1,308.6,1527,40.2,No Failure
298.3,308.7,1667,28.6,No Failure
298.5,309,1741,28,No Failure
298.4,308.9,1782,23.9,No Failure
298.6,309.1,1423,44.3,No Failure
298.6,309.1,1339,51.1,No Failure
298.6,309.2,1742,30,No Failure
298.6,309.2,2035,19.6,No Failure
298.6,309.2,1542,48.4,No Failure
298.6,309.2,1311,46.6,No Failure
298.7,309.2,1410,45.6,No Failure
298.8,309.2,1306,54.5,No Failure
298.9,309.3,1632,32.5,No Failure
298.9,309.3,1375,42.7,No Failure
298.8,309.3,1450,44.8,No Failure
298.9,309.3,1581,30.7,No Failure
299,309.4,1758,25.7,No Failure
299,309.4,1561,37.3,No Failure
299,309.5,1861,23.3,No Failure
299.1,309.5,1512,39,No Failure
299.1,309.4,1811,24.6,No Failure
299.1,309.4,1439,44.2,No Failure
299,309.4,1693,30.1,No Failure
299.1,309.5,1339,48.2,No Failure
299,309.4,1798,25.5,No Failure
299,309.4,1419,48.3,No Failure
298.9,309.3,1665,32.5,No Failure
298.8,309.1,1559,34.7,No Failure
298.8,309.2,1452,48.6,No Failure
298.9,309.2,1581,36.7,No Failure
298.8,309.1,1439,39.2,No Failure
298.9,309.2,1379,50.7,No Failure
298.8,309.1,1350,52.5,No Failure
298.8,309.1,1362,45.4,No Failure
298.8,309.1,1368,50.8,No Failure
298.8,309.1,1368,49.1,No Failure
298.8,309.2,1372,48.5,No Failure
298.8,309.1,1472,47.5,No Failure
298.8,309.1,1489,49.1,No Failure
298.7,309,1843,25.8,No Failure
298.8,309.1,1418,46.3,No Failure
298.8,309.2,1425,53.9,No Failure
298.9,309.2,1412,44.1,No Failure
298.9,309.1,1383,54.9,No Failure
298.8,309,1497,43.8,No Failure
298.7,309,1565,35.1,No Failure
298.7,309,1691,30.1,No Failure
298.8,309.1,1512,40.7,No Failure
298.8,309.1,1477,42.4,No Failure
298.8,309.1,1513,40.3,No Failure
298.8,309,1661,29.5,No Failure
298.8,309.1,1378,54.4,No Failure
298.8,309.1,1393,52.6,No Failure
298.8,309,1592,38.2,No Failure
298.8,309,1829,22.9,No Failure
298.9,309,1812,25.9,No Failure
299,309.1,1523,38.6,No Failure
299,309.1,1394,45.1,No Failure
298.9,308.9,1679,28.7,No Failure
298.8,308.9,1466,44.1,No Failure
298.8,308.9,1527,32.4,No Failure
298.9,309,1924,22.6,No Failure
298.9,309.1,1452,45.5,No Failure
298.9,309.1,1369,44.4,No Failure
299,309.1,1592,35,No Failure
298.9,309,1601,32.3,No Failure
298.8,308.9,1379,46.7,No Failure
298.8,308.9,1461,47.9,No Failure
298.8,308.9,1398,51.5,No Failure
298.8,308.9,1402,37.9,No Failure
298.8,308.8,1445,49.9,No Failure
298.9,308.9,1450,47.5,No Failure
298.9,308.9,1453,40.8,No Failure
299,309,1469,40.1,No Failure
298.9,308.9,1422,47.6,No Failure
299,309,1804,26.8,No Failure
299,309,1436,43.9,No Failure
299,309,1544,31.8,No Failure
299,309,1419,45.2,No Failure
298.9,308.9,1487,39.5,No Failure
298.9,308.9,1753,25.8,No Failure
298.9,308.9,1830,24.9,No Failure
298.9,308.9,1727,27.1,No Failure
299.1,309,1450,43,No Failure
299,308.9,1622,31.9,No Failure
299,309,1351,52.2,No Failure
299,309,1575,35.3,No Failure
298.9,308.9,1750,29.9,No Failure
298.9,308.8,1529,32.7,No Failure
298.8,308.8,1523,44.4,No Failure
298.8,308.9,1852,25,No Failure
298.8,308.8,1991,20.7,No Failure
298.8,308.8,1555,40.6,No Failure
298.8,308.8,1441,40.5,No Failure
298.8,308.7,1450,43.4,No Failure
298.8,308.7,1591,31.1,No Failure
298.8,308.7,1445,48.5,No Failure
298.8,308.8,1497,46.8,No Failure
298.9,308.8,1621,32.7,No Failure
298.9,308.7,1572,34.1,No Failure
298.8,308.6,1872,22.5,No Failure
298.7,308.6,1499,43.5,No Failure
298.8,308.7,1498,39.5,No Failure
298.8,308.6,1486,41.9,No Failure
298.8,308.6,1680,29.4,No Failure
298.8,308.6,1431,45.7,No Failure
298.9,308.7,1564,34.1,No Failure
298.8,308.6,1599,33,No Failure
298.8,308.6,1707,28.1,No Failure
298.7,308.5,1467,40.7,No Failure
298.9,308.7,1433,44.7,No Failure
298.9,308.7,1558,41.2,No Failure
299,308.8,1310,50.7,No Failure
298.9,308.7,1546,43.4,No Failure
298.9,308.7,1727,29.4,No Failure
298.9,308.6,1560,32.2,No Failure
299,308.6,1329,60.5,No Failure
298.9,308.6,1413,46.5,No Failure
299,308.6,1587,38.6,No Failure
298.9,308.5,1559,34.3,No Failure
298.8,308.4,1473,41.1,No Failure
298.8,308.4,1737,27.7,No Failure
298.7,308.4,1441,43.2,No Failure
298.7,308.4,1430,49.6,No Failure
298.8,308.4,1369,53,No Failure
298.8,308.5,1711,28.5,No Failure
298.7,308.5,1420,45.7,No Failure
298.7,308.6,1297,55.3,No Failure
298.8,308.6,1449,49.4,No Failure
298.8,308.6,1268,55.8,No Failure
298.8,308.6,1511,36.1,No Failure
298.7,308.5,1544,35.2,No Failure
298.6,308.4,1778,28.2,No Failure
298.6,308.4,1407,50.5,No Failure
298.6,308.4,1391,42.4,No Failure
298.5,308.4,1513,33.6,No Failure
298.5,308.4,1612,36.1,No Failure
298.4,308.4,1515,40.1,No Failure
298.3,308.3,1379,48,No Failure
298.4,308.3,1473,39.9,No Failure
298.4,308.3,1422,42.7,No Failure
298.4,308.2,1463,37.6,No Failure
298.4,308.2,1584,41,No Failure
298.4,308.2,1850,27,No Failure
298.4,308.2,1528,36.2,No Failure
298.4,308.2,1987,19.8,No Failure
298.4,308.1,1495,46,No Failure
298.4,308.2,1478,43.5,No Failure
298.4,308.2,1499,40,No Failure
298.4,308.2,1471,47,No Failure
298.3,308.1,1586,35.5,No Failure
298.4,308.2,1468,43.8,No Failure
298.5,308.3,1440,43.6,No Failure
298.5,308.4,1733,26,No Failure
298.4,308.2,1612,32.6,No Failure
298.4,308.3,1458,42.9,No Failure
298.4,308.3,1318,59.1,No Failure
298.4,308.2,1610,35,No Failure
298.2,308.1,1462,50.8,No Failure
298.1,308,1924,20.8,No Failure
298.2,308,1591,33.7,No Failure
298.2,308.1,1306,58.3,No Failure
298.2,308.1,1382,43.5,No Failure
298.2,308.1,1618,34.7,No Failure
298.2,308.2,1988,21.4,No Failure
298.2,308.2,1436,50.2,No Failure
298.2,308.3,1304,49.8,No Failure
298.2,308.3,1475,49.9,No Failure
298.2,308.3,1824,24.2,No Failure
298.1,308.2,1342,48.1,No Failure
298.1,308.2,1485,40.7,No Failure
298.2,308.2,1667,30.6,No Failure
298.2,308.2,1446,38.2,No Failure
298.1,308.3,1301,56,No Failure
298.2,308.4,1379,43.1,No Failure
298.3,308.5,1606,33.6,No Failure
298.3,308.4,1539,43.4,No Failure
298.2,308.4,1477,49.9,No Failure
298.2,308.4,1666,34.6,No Failure
298.2,308.4,1398,51.8,No Failure
298.2,308.4,1678,34.6,No Failure
298.3,308.5,1453,42.9,No Failure
298.3,308.6,1432,49.5,No Failure
298.4,308.6,1527,40.9,No Failure
298.4,308.7,1588,35,No Failure
298.4,308.6,1433,47.1,No Failure
298.4,308.6,1609,35,No Failure
298.3,308.5,1575,41.2,No Failure
298.4,308.5,1636,35.7,No Failure
298.4,308.5,1490,37.9,No Failure
298.4,308.5,1741,32.8,No Failure
298.5,308.6,1344,53,No Failure
298.5,308.7,1609,35.3,No Failure
298.4,308.6,1591,36.7,No Failure
298.4,308.6,1477,44,No Failure
298.4,308.7,1523,36.1,No Failure
298.5,308.7,1575,33.9,No Failure
298.4,308.7,1344,52.9,No Failure
298.4,308.7,1386,44.9,No Failure
298.3,308.6,1589,37.1,No Failure
298.3,308.6,1548,40.3,No Failure
298.3,308.6,1499,38.3,No Failure
298.3,308.5,1664,31.6,No Failure
298.3,308.6,1447,38.1,No Failure
298.3,308.5,1434,46.2,No Failure
298.3,308.5,1416,52.7,No Failure
298.4,308.5,1827,24.3,No Failure
298.4,308.6,1304,45,No Failure
298.4,308.6,1569,34.4,No Failure
298.3,308.6,1584,29.3,No Failure
298.3,308.5,1362,53.8,No Failure
298.3,308.4,1329,49.2,No Failure
298.3,308.5,1539,36.1,No Failure
298.3,308.5,1629,37.1,No Failure
298.3,308.5,1538,32.2,No Failure
298.3,308.6,1570,34.8,No Failure
298.3,308.4,1408,43.1,No Failure
298.2,308.4,1424,47.6,No Failure
298.2,308.4,1512,34.9,No Failure
298.2,308.4,1478,42.9,No Failure
298.1,308.3,1680,33.7,No Failure
298.1,308.3,1495,38.7,No Failure
298,308.1,1552,36.6,No Failure
297.9,308.1,1393,50.3,No Failure
298,308.2,1611,30.6,No Failure
298,308.1,1339,51.6,No Failure
298,308.1,1777,24.3,No Failure
298,308.2,1442,44.1,No Failure
298,308.2,1395,49.1,No Failure
297.9,308.1,1627,31.4,No Failure
297.9,308.1,1585,33.5,No Failure
298,308.2,1469,45.5,No Failure
298,308.3,1662,32.7,No Failure
298,308.2,1466,42.6,No Failure
298,308.2,1620,35.8,No Failure
298,308.2,1357,48.2,No Failure
298,308.2,1514,37.9,No Failure
298,308.2,1489,40.4,No Failure
298.1,308.3,1331,63,No Failure
298,308,1615,29.5,No Failure
298.1,308.2,1482,37.9,No Failure
298.2,308.3,1522,49.1,No Failure
298.1,308.2,1654,32.1,No Failure
298.1,308.2,1736,26.8,No Failure
298,308.1,1587,32.3,No Failure
298.1,308.2,1390,47.5,No Failure
298,308.1,1454,37.1,No Failure
298,308.1,1440,43.7,No Failure
297.9,308,1954,21.1,No Failure
297.9,308,1800,24.8,No Failure
298,308,1524,37,No Failure
298,308,1520,39.6,No Failure
298.1,308.1,1452,40.8,No Failure
298.1,308.1,1484,40.4,No Failure
298.1,308,1426,46,No Failure
298.1,308,1652,28.5,No Failure
298,308,1401,54.7,No Failure
298,307.9,1750,26.6,No Failure
298,308,1479,50.7,No Failure
298,308,1620,29.4,No Failure
298,308.1,1819,23.4,No Failure
298.1,308.1,1456,43.7,No Failure
298.1,308,1626,36.5,No Failure
298.1,308.1,1390,49.8,No Failure
298.2,308.2,1469,43,No Failure
298.2,308.3,2051,19.2,No Failure
298.2,308.3,1568,36,No Failure
298.2,308.3,1589,33.2,No Failure
298.2,308.3,1805,31.6,No Failure
298.2,308.4,1385,42.2,No Failure
298.1,308.4,1436,46.7,No Failure
298.1,308.4,1438,45.6,No Failure
298,308.3,1473,42.6,No Failure
298.1,308.4,1335,40.2,No Failure
298.1,308.5,1392,44.8,No Failure
298.1,308.5,1372,51.1,No Failure
298.1,308.6,1716,30.7,No Failure
298,308.5,1395,46.2,No Failure
298,308.5,1713,25.3,No Failure
297.9,308.5,2129,18.7,No Failure
297.8,308.3,1567,35.6,No Failure
297.8,308.4,1622,38.3,No Failure
297.7,308.4,1740,27.1,No Failure
297.8,308.4,1512,35.1,No Failure
297.8,308.4,1479,43.5,No Failure
297.8,308.4,1737,27.5,No Failure
297.8,308.4,2129,19.2,No Failure
297.8,308.4,1374,47.1,No Failure
297.8,308.4,1579,36.6,No Failure
297.9,308.5,1305,47.2,No Failure
297.9,308.5,1449,40.8,No Failure
298,308.6,1526,41.8,No Failure
298,308.6,1453,44.1,No Failure
297.9,308.6,1468,36,No Failure
298,308.6,1313,50.8,No Failure
297.9,308.5,1300,53,No Failure
297.9,308.4,1646,40.6,No Failure
297.8,308.4,1714,33.2,No Failure
297.8,308.4,1685,28.4,No Failure
297.8,308.4,1512,39.9,No Failure
297.8,308.4,1612,32.1,No Failure
297.8,308.4,1550,38.2,No Failure
297.8,308.4,1518,32.5,No Failure
297.8,308.5,1448,40,No Failure
297.8,308.5,1561,46.3,No Failure
297.8,308.5,1488,41.9,No Failure
297.8,308.5,1699,27.8,No Failure
297.7,308.5,1501,41.4,No Failure
297.6,308.4,1703,31.4,No Failure
297.7,308.5,1720,29.9,No Failure
297.6,308.4,1398,41.9,No Failure
297.6,308.4,1391,51.9,No Failure
297.6,308.3,1538,40.2,No Failure
297.5,308.2,1647,31.3,No Failure
297.5,308.1,1469,44.8,No Failure
297.4,308.1,1749,25.9,No Failure
297.6,308.2,1995,20.5,No Failure
297.6,308.3,1742,27.7,No Failure
297.5,308.2,1563,38.2,No Failure
297.5,308.2,1713,32.2,No Failure
297.4,308.1,1474,39.4,No Failure
297.4,308.2,1530,32.6,No Failure
297.4,308.2,1471,46.5,No Failure
297.5,308.3,1388,48.6,No Failure
297.5,308.2,2448,13.8,No Failure
297.5,308.3,1585,32.9,No Failure
297.5,308.3,1459,45.2,No Failure
297.5,308.3,1544,40.8,No Failure
297.6,308.3,1617,31.7,No Failure
297.6,308.3,1595,34.3,No Failure
297.6,308.3,1400,44.3,No Failure
297.6,308.4,1611,31,No Failure
297.6,308.4,1507,46,No Failure
297.5,308.3,1674,30,No Failure
297.6,308.3,1658,34.3,No Failure
297.6,308.3,1623,36.9,No Failure
297.6,308.4,1398,48.9,No Failure
297.6,308.4,1517,34.2,No Failure
297.6,308.3,1467,36.7,No Failure
297.6,308.3,1567,34.6,No Failure
297.5,308.3,1521,38.2,No Failure
297.5,308.3,1596,36.8,No Failure
297.6,308.3,1640,30.9,No Failure
297.6,308.3,1438,47.8,No Failure
297.6,308.4,1407,55.2,No Failure
297.6,308.4,1353,57.5,No Failure
297.6,308.5,1552,40.9,No Failure
297.6,308.4,1569,38.3,No Failure
297.5,308.4,1489,39.5,No Failure
297.5,308.4,1587,36.1,No Failure
297.5,308.3,1622,37.2,No Failure
297.5,308.4,1604,38.1,No Failure
297.4,308.3,1405,51.7,No Failure
297.4,308.3,1412,42,No Failure
297.4,308.3,1431,43,No Failure
297.4,308.2,1533,37.4,No Failure
297.4,308.2,1401,51.9,No Failure
297.4,308.2,1424,53.9,No Failure
297.3,308.2,1754,29.4,No Failure
297.3,308.2,1754,26.8,No Failure
297.5,308.5,1546,40.4,No Failure
297.5,308.5,1335,48,No Failure
297.5,308.6,1842,27,No Failure
297.5,308.5,1712,26.8,No Failure
297.6,308.6,1414,45.4,No Failure
297.6,308.7,1319,50.9,No Failure
297.7,308.7,1249,60.4,No Failure
297.6,308.7,1455,48.2,No Failure
297.6,308.7,1408,54.8,No Failure
297.6,308.7,1460,46.7,No Failure
297.6,308.6,1491,38.1,No Failure
297.6,308.5,1490,43.4,No Failure
297.5,308.4,1350,52.2,No Failure
297.5,308.4,1528,39.9,No Failure
297.4,308.3,1571,37.7,No Failure
297.4,308.3,1490,42.6,No Failure
297.4,308.3,1774,28.9,No Failure
297.4,308.3,1502,43.6,No Failure
297.4,308.4,1392,49.7,No Failure
297.4,308.5,2100,16.9,No Failure
297.5,308.5,1722,30.4,No Failure
297.4,308.6,1678,32.3,No Failure
297.3,308.6,1273,59.8,No Failure
297.3,308.6,1297,45.9,No Failure
297.3,308.5,1350,57.6,No Failure
297.4,308.6,1439,51.9,No Failure
297.4,308.5,1600,42.1,No Failure
297.4,308.6,1434,44.4,No Failure
297.4,308.6,1459,41.3,No Failure
297.5,308.6,1472,44.9,No Failure
297.5,308.7,1429,44.3,No Failure
297.5,308.6,1388,48.2,No Failure
297.4,308.4,1573,34.5,No Failure
297.4,308.4,1588,32.5,No Failure
297.5,308.4,1511,42.8,No Failure
297.4,308.5,1495,37.8,No Failure
297.4,308.4,1394,50.1,No Failure
297.4,308.4,2151,17.7,No Failure
297.3,308.3,1501,38.2,No Failure
297.3,308.3,1301,39.6,No Failure
297.3,308.3,1657,31.1,No Failure
297.3,308.3,1333,55.2,No Failure
297.3,308.3,1484,43.9,No Failure
297.3,308.4,1430,45.7,No Failure
297.3,308.4,1665,28.9,No Failure
297.4,308.5,1501,44.9,No Failure
297.5,308.5,1496,42.2,No Failure
297.6,308.6,1595,36.9,No Failure
297.5,308.6,1208,62.3,No Failure
297.5,308.6,1596,37.1,No Failure
297.5,308.5,1446,41.9,No Failure
297.6,308.5,1466,39.7,No Failure
297.6,308.5,1848,23.7,No Failure
297.5,308.5,1484,44.7,No Failure
297.4,308.3,1493,41.2,No Failure
297.3,308.3,1504,36.3,No Failure
297.3,308.3,1538,38.5,No Failure
297.4,308.4,1341,52.2,No Failure
297.4,308.3,1535,34.6,No Failure
297.4,308.5,1389,39.2,No Failure
297.5,308.5,1393,46.6,No Failure
297.4,308.5,1469,45.1,No Failure
297.4,308.4,1582,37.2,No Failure
297.5,308.6,1793,26.7,No Failure
297.5,308.6,1452,39,No Failure
297.6,308.7,1376,59.9,No Failure
297.5,308.6,1552,44.9,No Failure
297.6,308.7,1622,37.9,No Failure
297.6,308.7,1419,41.7,No Failure
297.5,308.6,1440,46.1,No Failure
297.4,308.6,1643,31,No Failure
297.4,308.7,1510,36.2,No Failure
297.4,308.7,1468,46.6,No Failure
297.4,308.7,1429,57.4,No Failure
297.3,308.7,1478,47.6,No Failure
297.4,308.6,1276,53.6,No Failure
297.3,308.6,1486,42.6,No Failure
297.4,308.6,1476,42.3,No Failure
297.3,308.6,1431,42,No Failure
297.4,308.7,1402,40.2,No Failure
297.4,308.7,1433,43.4,No Failure
297.3,308.6,1511,35.7,No Failure
297.3,308.6,1456,42.9,No Failure
297.2,308.5,1550,41.5,No Failure
297.2,308.5,2182,16.5,No Failure
297.3,308.7,1619,31.6,No Failure
297.3,308.8,1586,32.7,No Failure
297.3,308.8,1499,44.2,No Failure
297.3,308.8,1419,42.4,No Failure
297.4,309,1497,41.8,No Failure
297.4,309,1520,37,No Failure
297.4,309.1,1478,49.8,No Failure
297.4,309.1,1380,41.1,No Failure
297.4,309,1570,37.9,No Failure
297.4,309,1468,41.4,No Failure
297.4,309,1833,22.6,No Failure
297.4,308.9,1323,57.3,No Failure
297.4,309,1583,32,No Failure
297.3,309,1556,39.5,No Failure
297.3,309,1548,37.4,No Failure
297.4,309,1324,56.9,No Failure
297.4,309,1568,33.7,No Failure
297.4,309,1685,30.7,No Failure
297.4,309.1,1582,35.9,No Failure
297.4,309.1,1463,35,No Failure
297.4,309.2,1584,42.8,No Failure
297.5,309.2,1347,55.8,No Failure
297.4,309.2,1459,37.9,No Failure
297.4,309.2,1420,45.6,No Failure
297.5,309.3,1404,43.5,No Failure
297.5,309.3,1470,38.8,No Failure
297.6,309.4,1326,49.8,No Failure
297.5,309.3,1459,49.7,No Failure
297.5,309.2,1530,40,No Failure
297.4,309,1505,39.2,No Failure
297.5,309.1,1611,30.2,No Failure
297.5,309.1,1515,35.1,No Failure
297.5,309.2,1804,27.4,No Failure
297.6,309.3,1464,46.2,No Failure
297.6,309.2,1390,43.3,No Failure
297.6,309.2,1442,48.1,No Failure
297.6,309.3,1529,41.9,No Failure
297.6,309.3,1610,35,No Failure
297.6,309.3,1543,34.3,No Failure
297.8,309.4,1445,48.2,No Failure
297.7,309.3,1893,24.6,No Failure
297.6,309.3,1415,41.3,No Failure
297.5,309.3,1564,37.5,No Failure
297.5,309.3,1479,39.4,No Failure
297.5,309.2,1426,44.8,No Failure
297.4,309.2,1428,38.8,No Failure
297.4,309.2,1620,33.2,No Failure
297.5,309.2,1715,28,No Failure
297.5,309.3,1732,29.9,No Failure
297.5,309.4,1391,58.2,No Failure
297.6,309.5,1924,20.6,No Failure
297.7,309.5,2027,19.8,No Failure
297.6,309.5,1617,36.2,No Failure
297.5,309.4,1497,35.8,No Failure
297.5,309.5,1448,43.7,No Failure
297.4,309.4,1401,45.9,No Failure
297.4,309.4,1620,35.4,No Failure
297.4,309.4,1466,45.5,No Failure
297.6,309.5,1373,50.6,No Failure
297.6,309.6,1592,35.8,No Failure
297.5,309.5,1553,42.4,No Failure
297.6,309.5,1569,36.2,No Failure
297.6,309.5,1709,32.2,No Failure
297.6,309.5,1549,34.9,No Failure
297.5,309.4,1443,45.4,No Failure
297.5,309.3,1675,29.8,No Failure
297.5,309.3,1623,33.4,No Failure
297.4,309.3,1365,52.4,No Failure
297.4,309.3,1759,24.8,No Failure
297.4,309.3,1516,43,No Failure
297.4,309.3,1499,36.8,No Failure
297.4,309.3,1775,25.8,No Failure
297.4,309.4,1473,45.5,No Failure
297.4,309.4,1296,52.3,No Failure
297.5,309.4,1803,24.7,No Failure
297.5,309.3,1563,36.1,No Failure
297.5,309.4,1831,26.6,No Failure
297.6,309.4,1958,22.1,No Failure
297.5,309.4,1809,24.3,No Failure
297.5,309.4,1482,39.3,No Failure
297.4,309.3,1332,53.2,No Failure
297.4,309.2,1437,40.4,No Failure
297.4,309.2,1698,29.4,No Failure
297.4,309.2,1274,54.3,No Failure
297.4,309.3,1622,35,No Failure
297.4,309.3,1564,36,No Failure
297.5,309.4,1368,45.3,No Failure
297.4,309.4,1539,42.2,No Failure
297.5,309.4,1357,50.1,No Failure
297.5,309.4,1433,48.3,No Failure
297.5,309.4,1650,34.6,No Failure
297.5,309.4,1503,40.6,No Failure
297.5,309.4,1318,58.2,No Failure
297.5,309.4,1678,34.4,No Failure
297.6,309.5,1574,30.9,No Failure
297.7,309.6,1529,35.2,No Failure
297.6,309.6,1669,32.1,No Failure
297.7,309.7,1570,35.8,No Failure
297.6,309.7,1541,33.7,No Failure
297.7,309.7,1680,30.2,No Failure
297.8,309.7,1935,22.1,No Failure
297.7,309.6,1596,35.2,No Failure
297.7,309.7,1498,41,No Failure
297.8,309.8,1676,29,No Failure
297.8,309.9,1351,49,No Failure
297.9,309.9,1472,45,No Failure
297.9,310,1439,41.7,No Failure
297.9,309.9,1410,55.4,No Failure
297.7,309.7,1440,51.1,No Failure
297.7,309.7,1591,37.7,No Failure
297.8,309.8,1533,36.8,No Failure
297.8,309.7,1700,31.3,No Failure
297.8,309.8,1798,25.5,No Failure
297.8,309.7,1394,42.9,No Failure
297.8,309.7,1341,49.2,No Failure
297.7,309.6,1697,32.2,No Failure
297.6,309.6,1419,48.2,No Failure
297.6,309.5,2001,20.5,No Failure
297.6,309.5,1623,33.1,No Failure
297.6,309.4,1628,33.4,No Failure
297.6,309.4,1491,40.2,No Failure
297.5,309.4,1517,36.7,No Failure
297.5,309.3,1525,41.7,No Failure
297.5,309.5,1668,27.9,No Failure
297.5,309.6,1312,50.7,No Failure
297.6,309.6,1278,50.4,No Failure
297.6,309.6,1330,53.1,No Failure
297.6,309.6,1530,37.3,No Failure
297.6,309.6,1428,46.6,No Failure
297.7,309.6,1480,47.9,No Failure
297.7,309.7,1616,31.1,No Failure
297.8,309.7,1547,37.3,No Failure
297.9,309.7,2194,16.8,No Failure
297.9,309.8,2000,21.3,No Failure
297.9,309.9,1542,33.8,No Failure
297.9,309.8,1693,29.9,No Failure
297.9,309.8,1461,50.5,No Failure
298,309.9,1565,33.9,No Failure
298,309.9,1403,47.7,No Failure
298.1,309.9,1629,32.5,No Failure
298.1,310,1534,33.7,No Failure
298.1,310,1553,40.9,No Failure
298.1,309.9,1563,32.8,No Failure
298.1,309.9,1634,30,No Failure
298,309.9,1445,45.2,No Failure
298.1,309.9,1642,30.4,No Failure
298.1,309.9,1686,29.1,No Failure
298.1,310,1393,43.1,No Failure
298.2,310,1433,44.2,No Failure
298.3,310,1507,44.7,No Failure
298.3,310.1,1389,49.6,No Failure
298.3,310.1,1408,45.3,No Failure
298.4,310.2,1725,32,No Failure
298.4,310.1,1926,23.7,No Failure
298.3,310.1,1509,37.6,No Failure
298.3,310.1,1545,36.3,No Failure
298.4,310.1,1533,35.2,No Failure
298.4,310.1,1455,42.2,No Failure
298.4,310.1,1335,57.8,No Failure
298.3,310.1,1523,45.9,No Failure
298.3,310,1460,47.6,No Failure
298.4,310,1554,37.3,No Failure
298.3,310,1419,47.1,No Failure
298.3,310,1442,43.9,No Failure
298.3,309.9,1507,41.6,No Failure
298.3,310,1858,23.9,No Failure
298.3,309.9,1463,43.9,No Failure
298.2,309.7,1585,37.4,No Failure
298,309.6,1536,37.3,No Failure
298,309.6,1403,51.3,No Failure
297.9,309.6,1515,38.8,No Failure
297.9,309.5,1390,47.9,No Failure
297.8,309.4,1226,58.7,No Failure
297.8,309.4,1495,36.5,No Failure
297.7,309.4,1608,30.2,No Failure
297.7,309.4,1392,44.1,No Failure
297.7,309.4,1461,43.7,No Failure
297.7,309.3,1559,36.9,No Failure
297.7,309.3,1400,48.9,No Failure
297.7,309.2,1732,28.8,No Failure
297.6,309.2,1611,33.1,No Failure
297.6,309.1,1503,38.9,No Failure
297.7,309.2,1391,44.5,No Failure
297.8,309.3,2015,20.1,No Failure
297.8,309.2,1683,30.9,No Failure
297.7,309.1,1435,38.8,No Failure
297.7,309.1,1732,28.1,No Failure
297.7,309.2,1365,58.6,No Failure
297.7,309.1,1562,36.8,No Failure
297.6,309.1,1449,49.1,No Failure
297.7,309.2,1700,27.4,No Failure
297.6,309,1427,45.6,No Failure
297.6,308.9,1479,38.1,No Failure
297.5,308.9,1469,44,No Failure
297.5,308.9,1390,47.4,No Failure
297.5,308.9,1729,28.1,No Failure
297.5,309,1470,43.5,No Failure
297.5,308.9,1459,48.5,No Failure
297.5,308.9,1738,24,No Failure
297.5,308.9,1471,37.7,No Failure
297.6,309,1822,25.4,No Failure
297.5,308.9,1554,34.8,No Failure
297.6,308.9,1433,43.2,No Failure
297.6,308.9,1449,47.7,No Failure
297.8,309,1456,41.2,No Failure
297.8,309.1,1424,45.5,No Failure
297.9,309.2,1577,34.7,No Failure
297.9,309.2,1478,39.7,No Failure
297.8,309.2,1295,61.2,No Failure
297.8,309.2,1372,47.3,No Failure
297.8,309.1,1432,42.6,No Failure
297.7,309,1656,33.2,No Failure
297.8,309,1410,48.8,No Failure
297.7,309,1874,24.4,No Failure
297.7,309,1538,43.2,No Failure
297.7,309,1636,29.7,No Failure
297.7,309,1504,40.4,No Failure
297.7,309,1531,42.4,No Failure
297.6,309,1735,26.4,No Failure
297.6,309,1354,55.6,No Failure
297.6,309,1413,40.2,No Failure
297.7,309.1,1563,39.3,No Failure
297.7,309.1,1479,42.1,No Failure
297.7,309.1,1477,38.3,No Failure
297.6,309.1,1394,50,No Failure
297.6,309,1487,45.4,No Failure
297.6,309,1815,25.3,No Failure
297.6,308.8,1453,39.7,No Failure
297.6,308.8,1539,40.2,No Failure
297.5,308.7,1416,39.2,No Failure
297.6,308.8,1683,31.6,No Failure
297.7,308.8,1515,40.1,No Failure
297.7,308.9,1531,48.3,No Failure
297.7,308.9,1479,40.9,No Failure
297.7,308.9,1516,33.7,No Failure
297.7,309,1507,38.2,No Failure
297.8,309,1434,43.3,No Failure
297.7,308.9,1838,27.3,No Failure
297.6,308.8,1416,45.9,No Failure
297.6,308.8,1357,49.7,No Failure
297.5,308.7,1697,28.1,No Failure
297.5,308.7,1443,46.2,No Failure
297.5,308.7,1453,37.6,No Failure
297.4,308.6,1439,46.4,No Failure
297.4,308.6,1609,36.2,No Failure
297.4,308.6,1324,59.1,No Failure
297.4,308.6,1420,45.8,No Failure
297.4,308.7,1545,36.9,No Failure
297.5,308.8,1477,39,No Failure
297.4,308.8,1447,58.1,No Failure
297.4,308.9,1809,23.8,No Failure
297.5,308.9,1696,30.9,No Failure
297.5,308.9,1427,44.7,No Failure
297.4,308.9,1500,46.3,No Failure
297.5,308.9,1390,44.6,No Failure
297.4,308.8,1640,34.2,No Failure
297.4,308.8,1628,37.4,No Failure
297.3,308.6,1499,37.6,No Failure
297.4,308.7,1425,50.3,No Failure
297.3,308.6,1586,37.7,No Failure
297.3,308.6,1471,50.7,No Failure
297.3,308.6,1431,53,No Failure
297.2,308.6,1924,22.1,No Failure
297.1,308.4,1421,42,No Failure
297,308.4,1305,54.6,No Failure
296.9,308.4,1557,32.4,No Failure
296.9,308.3,1555,38.2,No Failure
296.9,308.3,1474,39.2,No Failure
296.8,308.3,1506,45.9,No Failure
296.9,308.4,1390,41.8,No Failure
296.9,308.4,1450,46.9,No Failure
296.9,308.3,1513,38.8,No Failure
296.8,308.2,1643,34.7,No Failure
296.8,308.2,1361,53.8,No Failure
296.7,308.1,1450,40.9,No Failure
296.7,308,1451,50.7,No Failure
296.8,308.1,1356,48.3,No Failure
296.7,308.1,1528,46.3,No Failure
296.6,308,1978,22.3,No Failure
296.7,308,1535,36.8,No Failure
296.8,308.1,1843,24.2,No Failure
296.9,308.1,1422,48.7,No Failure
296.8,308,1536,40.4,No Failure
296.9,308.1,1483,44.3,No Failure
296.8,308.1,1492,43.7,No Failure
296.8,308,1584,40.4,No Failure
296.9,308.1,1555,33.7,No Failure
296.8,308,1497,41.7,No Failure
296.7,307.8,1537,36.3,No Failure
296.7,307.8,1505,39.4,No Failure
296.7,307.8,1646,34.6,No Failure
296.7,307.8,1286,60.5,No Failure
296.7,307.8,1400,47.5,No Failure
296.8,307.9,1337,56.5,No Failure
296.9,308,1332,53.9,No Failure
296.8,308,1561,38.3,No Failure
296.9,308,1546,31.1,No Failure
296.9,308,1713,29.3,No Failure
296.9,308,1343,44.5,No Failure
296.8,308,1391,54.4,No Failure
296.8,308,1311,58.6,No Failure
296.8,308,1453,51,No Failure
296.8,308,1510,39.4,No Failure
296.8,307.9,1448,48.8,No Failure
296.7,307.8,1453,46,No Failure
296.7,307.8,1468,39.2,No Failure
296.7,307.8,1382,47.5,No Failure
296.7,308,1580,32.2,No Failure
296.8,308,1666,29.8,No Failure
296.9,308,1409,50.7,No Failure
296.8,308,1675,29.7,No Failure
296.8,307.9,1698,30.8,No Failure
296.7,307.9,1579,33.4,No Failure
296.7,307.9,1743,27.9,No Failure
296.9,308,1497,44.8,No Failure
296.9,308.1,1741,28.8,No Failure
296.9,308.1,1435,45.3,No Failure
296.9,308.1,1440,46.3,No Failure
296.9,308,1641,33.3,No Failure
296.8,307.9,1420,45.4,No Failure
296.8,307.9,1611,35.4,No Failure
296.8,307.8,1373,42.9,No Failure
296.8,307.9,1683,31.8,No Failure
296.9,307.9,1547,32.6,No Failure
296.9,307.8,1605,37,No Failure
296.9,307.9,2010,18.9,No Failure
296.8,307.7,1565,40.1,No Failure
296.9,307.8,1828,24.6,No Failure
297,307.8,1579,34.1,No Failure
297,307.9,1882,24.2,No Failure
296.9,307.8,1285,52.1,No Failure
296.9,307.8,1571,35,No Failure
296.9,307.8,1549,37.8,No Failure
296.9,307.8,1544,37.6,No Failure
297,307.9,1412,47.4,No Failure
297,307.9,1422,53,No Failure
297,307.7,1867,22.8,No Failure
296.9,307.7,1424,43.3,No Failure
296.9,307.6,1452,45.7,No Failure
296.9,307.7,1550,39.7,No Failure
296.8,307.6,1588,37.6,No Failure
296.8,307.6,1338,44.4,No Failure
296.8,307.6,1513,40,No Failure
296.8,307.5,1470,45.9,No Failure
296.8,307.5,1516,36.7,No Failure
296.8,307.6,1434,48.3,No Failure
296.8,307.6,1368,52,No Failure
296.8,307.6,1304,48.7,No Failure
296.8,307.6,1398,46.7,No Failure
296.7,307.6,1516,37.4,No Failure
296.7,307.6,1474,41.7,No Failure
296.7,307.6,1547,34.7,No Failure
296.6,307.5,1482,39.9,No Failure
296.6,307.4,1436,42.8,No Failure
296.6,307.3,1474,40,No Failure
296.5,307.2,1481,38.2,No Failure
296.5,307.3,1501,42.1,No Failure
296.5,307.3,1566,37.2,No Failure
296.5,307.3,1579,34.5,No Failure
296.6,307.4,1631,35,No Failure
296.6,307.4,1544,42.3,No Failure
296.6,307.4,1521,38.6,No Failure
296.6,307.4,1616,28,No Failure
296.6,307.4,1333,50.2,No Failure
296.7,307.4,1533,32.5,No Failure
296.6,307.4,1368,45.1,No Failure
296.6,307.4,1465,47.8,No Failure
296.6,307.4,1406,41.5,No Failure
296.5,307.4,1565,43.5,No Failure
296.6,307.5,1582,37.9,No Failure
296.6,307.5,1439,45.5,No Failure
296.6,307.5,1566,35,No Failure
296.6,307.5,1485,42.7,No Failure
296.5,307.5,1566,35.1,No Failure
296.3,307.3,1439,41.5,No Failure
296.4,307.4,1416,50,No Failure
296.3,307.4,1465,47.1,No Failure
296.4,307.4,1586,35.5,No Failure
296.3,307.3,1567,31.4,No Failure
296.2,307.2,1389,48.6,No Failure
296.3,307.3,1368,49.5,No Failure
296.3,307.3,1444,49,No Failure
296.3,307.3,1498,41.6,No Failure
296.1,307.2,1615,30.8,No Failure
296.1,307.1,1898,22.7,No Failure
296.1,307.1,1350,53.3,No Failure
296.2,307,1516,37.6,No Failure
296.2,307,1542,40.6,No Failure
296.1,306.9,1541,32.6,No Failure
296.1,306.9,1951,23.3,No Failure
296.1,306.8,1645,31,No Failure
296,306.7,1416,44.2,No Failure
296,306.7,2044,22.3,No Failure
295.9,306.6,1414,50.2,No Failure
295.9,306.6,1678,26.7,No Failure
295.9,306.5,1594,33.2,No Failure
295.8,306.5,1514,37.7,No Failure
295.8,306.5,1358,49.2,No Failure
295.8,306.4,1325,56.2,No Failure
295.8,306.4,1339,53.2,No Failure
295.8,306.4,1335,51.7,No Failure
295.9,306.4,1892,21.7,No Failure
295.9,306.4,1575,28.5,No Failure
295.8,306.3,1444,45.5,No Failure
295.7,306.3,1915,22.4,No Failure
295.6,306.2,1584,33.6,No Failure
295.7,306.3,1685,34.9,No Failure
295.8,306.3,1337,54.6,No Failure
295.7,306.2,1464,46.2,No Failure
295.7,306.2,1739,25.9,No Failure
295.7,306.3,1490,34.3,No Failure
295.8,306.4,1356,48,No Failure
295.7,306.2,1397,52,No Failure
295.7,306.2,1458,40.6,No Failure
295.7,306.2,2161,16.5,No Failure
295.6,306.1,1651,28.1,No Failure
295.6,306.1,1389,46.2,No Failure
295.6,306,1370,52.4,No Failure
295.7,306.1,1408,47.9,No Failure
295.7,306.1,1343,54.4,No Failure
295.7,306.2,1423,42.5,No Failure
295.6,306.2,1426,48.6,No Failure
295.6,306.2,1435,51.6,No Failure
295.5,306.1,1573,35.1,No Failure
295.6,306.2,1612,31.2,No Failure
295.6,306.2,1446,49.9,No Failure
295.6,306.2,1329,55.3,No Failure
295.6,306.2,1569,35.1,No Failure
295.6,306.1,1256,62.3,No Failure
295.6,306.1,1383,48.7,No Failure
295.7,306.2,1458,49.8,No Failure
295.6,306.1,1474,41.2,No Failure
295.6,306.1,1462,49.2,No Failure
295.6,306.1,1669,29,No Failure
295.5,306.1,1822,24.3,No Failure
295.5,306,1456,39.2,No Failure
295.5,306,1546,35.9,No Failure
295.6,306.1,1490,42.7,No Failure
295.6,306,1569,40.4,No Failure
295.5,306,1621,29.5,No Failure
295.4,305.9,1518,40.6,No Failure
295.4,305.8,1526,38.2,No Failure
295.3,305.8,1589,36.2,No Failure
295.3,305.7,1475,51,No Failure
295.3,305.7,1473,38.5,No Failure
295.4,305.8,1407,50.7,No Failure
295.5,305.9,1518,44.1,No Failure
295.5,305.9,1593,37.2,No Failure
295.5,305.9,1380,52.4,No Failure
295.5,306,1423,45.3,No Failure
295.5,306,1800,27.6,No Failure
295.6,306.1,1623,30.9,No Failure
295.6,306,1396,52.4,No Failure
295.6,306,1949,21.9,No Failure
295.6,306,1419,51.1,No Failure
295.5,305.9,1453,47.3,No Failure
295.5,305.9,1542,36.2,No Failure
295.6,306,1363,50,No Failure
295.5,306,1597,37.2,No Failure
295.5,306,1326,50.8,No Failure
295.5,306,1641,36.6,No Failure
295.6,306.1,1418,46.2,No Failure
295.6,306.2,1263,61.8,No Failure
295.6,306.2,1823,25.8,No Failure
295.5,306.1,1488,40.7,No Failure
295.6,306.2,1443,48.9,No Failure
295.6,306.2,1650,28.2,No Failure
295.7,306.3,1462,44.3,No Failure
295.6,306.2,1477,45,No Failure
295.7,306.3,1712,28.5,No Failure
295.7,306.3,1347,50.4,No Failure
295.6,306.2,1287,54.8,No Failure
295.6,306.2,1428,44.5,No Failure
295.6,306.3,1426,45.5,No Failure
295.6,306.3,1636,32.7,No Failure
295.6,306.2,1424,42.5,No Failure
295.6,306.3,1509,35.8,No Failure
295.5,306.2,1448,48.9,No Failure
295.5,306.1,1650,32.8,No Failure
295.6,306.2,1414,42.5,No Failure
295.6,306.3,1911,20.9,No Failure
295.6,306.2,1632,32.2,No Failure
295.7,306.4,1387,40.1,No Failure
295.8,306.4,1399,47.6,No Failure
295.8,306.5,1505,35.2,No Failure
295.8,306.5,1534,37.9,No Failure
295.8,306.5,1493,40.5,No Failure
295.8,306.6,1480,43.2,No Failure
295.8,306.6,1621,31.6,No Failure
295.7,306.5,1737,26.2,No Failure
295.8,306.6,1508,46.5,No Failure
295.8,306.5,1641,32.2,No Failure
295.9,306.6,1532,38.6,No Failure
295.9,306.7,1547,40.9,No Failure
295.9,306.6,1412,41,No Failure
295.8,306.5,1568,35.1,No Failure
295.9,306.6,1557,41.1,No Failure
295.8,306.6,1644,35.2,No Failure
295.9,306.6,1679,30.4,No Failure
296,306.6,1511,35.2,No Failure
296,306.6,1628,36.8,No Failure
296,306.6,1392,51.3,No Failure
296,306.7,1917,21,No Failure
296.2,306.8,1526,42.3,No Failure
296.2,306.8,1389,53.3,No Failure
296.1,306.7,1409,42.8,No Failure
296.2,306.8,1655,31.1,No Failure
296.2,306.9,1516,39.1,No Failure
296.2,306.9,1526,34.9,No Failure
296.3,307.1,1419,48.6,No Failure
296.4,307.2,1748,25.3,No Failure
296.4,307.1,1638,32.5,No Failure
296.3,307.1,1534,33.8,No Failure
296.3,307.1,1774,25.9,No Failure
296.2,307,2119,18.3,No Failure
296.2,307,1414,48.3,No Failure
296.1,307,1523,42,No Failure
296.1,307.1,1651,35.7,No Failure
296.1,307.1,1485,36,No Failure
296.2,307.2,1168,63.4,No Failure
296.3,307.3,1566,35.8,No Failure
296.3,307.2,1286,51.1,No Failure
296.3,307.2,1446,45.9,No Failure
296.4,307.2,2071,19.4,No Failure
296.3,307.1,1560,33.2,No Failure
296.3,307.1,1654,29.6,No Failure
296.3,307.1,1662,32.9,No Failure
296.3,307.2,1646,35,No Failure
296.2,307.1,1444,46.7,No Failure
296.3,307.2,1424,42,No Failure
296.2,307.2,1382,52,No Failure
296.2,307.1,1413,53.4,No Failure
296.2,307.2,1633,31.1,No Failure
296.2,307.1,1441,41.7,No Failure
296.2,307.2,1385,44,No Failure
296.2,307.2,1552,34.8,No Failure
296.2,307.3,1451,42.8,No Failure
296.1,307.1,1433,38.5,No Failure
296.1,307.2,1619,29.7,No Failure
296.2,307.2,1445,41.8,No Failure
296.2,307.2,1356,43.6,No Failure
296.3,307.2,1637,31.6,No Failure
296.3,307.2,1291,58.6,No Failure
296.3,307.3,1398,52.7,No Failure
296.3,307.3,1372,57.7,No Failure
296.3,307.2,1454,42.5,No Failure
296.2,307.2,1515,36.5,No Failure
296.2,307.3,1881,24.3,No Failure
296.2,307.3,1711,29.9,No Failure
296.2,307.3,1475,37,No Failure
296.4,307.4,1512,36.8,No Failure
296.3,307.4,1335,50.5,No Failure
296.3,307.4,1472,39.9,No Failure
296.2,307.3,1477,35.2,No Failure
296.3,307.4,1760,28.4,No Failure
296.4,307.5,1549,36.1,No Failure
296.3,307.4,1648,34,No Failure
296.4,307.5,1556,38,No Failure
296.3,307.4,1958,19.1,No Failure
296.4,307.4,1403,48.4,No Failure
296.4,307.5,1684,31.4,No Failure
296.4,307.5,1596,35.1,No Failure
296.6,307.6,1498,41.1,No Failure
296.7,307.7,1524,36.8,No Failure
296.7,307.7,1502,43.9,No Failure
296.6,307.6,1809,25.1,No Failure
296.6,307.6,1542,37.4,No Failure
296.5,307.6,1431,45.2,No Failure
296.5,307.6,1512,43.6,No Failure
296.4,307.5,1403,52.8,No Failure
296.4,307.5,1331,47.8,No Failure
296.6,307.7,1474,52.6,No Failure
296.5,307.6,1607,33.5,No Failure
296.5,307.6,1415,44.2,No Failure
296.6,307.6,1671,28.8,No Failure
296.6,307.7,1556,37.7,No Failure
296.7,307.7,1927,23.9,No Failure
296.7,307.7,1597,32.1,No Failure
296.8,307.8,1627,30.5,No Failure
296.8,307.8,1480,39.4,No Failure
296.8,307.8,1565,39.5,No Failure
296.8,307.8,1573,36.4,No Failure
296.7,307.8,1605,31.3,No Failure
296.7,307.9,1874,21.3,No Failure
296.7,307.9,1424,53.8,No Failure
296.7,307.9,1420,50.1,No Failure
296.8,307.9,1372,49,No Failure
296.8,307.8,1664,32.8,No Failure
296.8,307.9,1409,44.3,No Failure
296.8,307.9,1718,25.2,No Failure
296.9,307.8,1544,40.3,No Failure
296.9,307.8,1466,45.7,No Failure
296.8,307.8,1394,47.7,No Failure
296.9,307.8,1840,24.6,No Failure
296.9,307.8,1477,37.2,No Failure
296.9,307.8,1425,49.1,No Failure
297,307.9,1414,46.2,No Failure
297,307.8,1414,47.5,No Failure
297,307.9,1595,31.7,No Failure
296.9,307.8,1345,54.5,No Failure
296.9,307.7,1653,35.9,No Failure
296.8,307.6,1547,36.5,No Failure
296.9,307.7,1656,30.8,No Failure
297,307.7,1731,28.5,No Failure
297,307.8,1774,28,No Failure
297,307.8,1521,40.2,No Failure
297.1,307.9,1420,39.8,No Failure
297,307.8,1683,32.3,No Failure
297,307.7,1498,47.1,No Failure
297,307.9,1455,49,No Failure
296.9,307.8,1392,43.9,No Failure
296.9,307.7,2008,17.5,No Failure
296.9,307.7,1464,41.4,No Failure
297,307.7,1447,46.4,No Failure
296.9,307.6,1685,32,No Failure
296.8,307.5,1443,39.2,No Failure
296.9,307.5,1354,44.4,No Failure
297,307.6,1680,35.8,No Failure
296.9,307.5,1397,48.3,No Failure
296.9,307.4,1521,37.9,No Failure
296.8,307.4,1472,43.9,No Failure
296.8,307.5,1695,30,No Failure
296.7,307.5,1607,33.6,No Failure
296.8,307.5,1347,54.8,No Failure
296.7,307.4,1540,38.7,No Failure
296.6,307.4,1389,42.7,No Failure
296.6,307.5,1734,27,No Failure
296.7,307.6,1540,38.6,No Failure
296.7,307.5,1515,42.1,No Failure
296.6,307.4,1504,45.8,No Failure
296.6,307.5,1557,35.1,No Failure
296.5,307.4,1292,52.5,No Failure
296.5,307.4,1432,49.2,No Failure
296.5,307.4,1350,55.6,No Failure
296.6,307.4,1790,25.8,No Failure
296.4,307.3,1540,37.4,No Failure
296.4,307.3,2077,19.1,No Failure
296.4,307.3,1487,37.5,No Failure
296.5,307.4,1523,40.7,No Failure
296.5,307.5,1443,41.8,No Failure
296.5,307.5,1340,59.1,No Failure
296.6,307.7,1654,31,No Failure
296.6,307.6,1459,40.2,No Failure
296.5,307.6,1541,38.5,No Failure
296.7,307.8,1375,51.4,No Failure
296.8,307.9,1706,30.8,No Failure
298.4,308.2,1282,60.7,Overstrain Failure
298.3,308.1,1412,52.3,Overstrain Failure
298,308.2,1348,58.8,Overstrain Failure
298,308.3,1362,56.8,Overstrain Failure
298,308.3,1405,56.2,Overstrain Failure
297.7,308.5,1373,56.7,Overstrain Failure
297.6,309.6,1501,49.8,Overstrain Failure
296.8,308.1,1289,62,Overstrain Failure
295.6,306.1,1372,55.6,Overstrain Failure
297,307.8,1385,56.4,Overstrain Failure
297,307.8,1316,61.2,Overstrain Failure
296.9,307.8,1400,57.1,Overstrain Failure
297,308.1,1362,52.5,Overstrain Failure
299,310.4,1365,49.1,Overstrain Failure
299,310.4,1371,53.8,Overstrain Failure
298.7,309.8,1354,53.3,Overstrain Failure
298.2,308.4,1310,61,Overstrain Failure
298,308.2,1365,52.9,Overstrain Failure
297.8,307.3,1327,61,Overstrain Failure
299.5,309.4,1390,58.8,Overstrain Failure
299.3,308.6,1384,53.6,Overstrain Failure
299.2,308.5,1378,50.4,Overstrain Failure
299.1,308.8,1329,53.6,Overstrain Failure
299.2,309,1515,48.9,Overstrain Failure
299.2,309.1,1345,60.7,Overstrain Failure
299.8,309.3,1299,65.1,Overstrain Failure
300.5,309.3,1417,51.5,Overstrain Failure
300.5,309.8,1379,54.2,Overstrain Failure
301.3,310.1,1269,56.8,Overstrain Failure
301.4,310.8,1285,62.6,Overstrain Failure
301.6,310.8,1355,57.8,Overstrain Failure
302,310.9,1378,53.1,Overstrain Failure
302,311.2,1270,65.3,Overstrain Failure
302.6,311.6,1227,68.2,Overstrain Failure
302.1,311,1351,60.3,Overstrain Failure
302,310.8,1383,50.3,Overstrain Failure
301.9,310.5,1340,55.7,Overstrain Failure
303.4,311.8,1401,53,Overstrain Failure
303.7,312.7,1359,56.8,Overstrain Failure
303.8,313.1,1256,58.7,Overstrain Failure
304,312.9,1363,62.5,Overstrain Failure
303.8,313,1365,59.9,Overstrain Failure
302.8,312.4,1411,53.8,Overstrain Failure
302.7,312.4,1477,46.3,Overstrain Failure
302.7,312.2,1450,52.1,Overstrain Failure
302.3,311.8,1369,56.2,Overstrain Failure
300.8,310.7,1339,59.1,Overstrain Failure
301,311.1,1236,64.4,Overstrain Failure
301,311,1399,58,Overstrain Failure
301,310.5,1379,57.3,Overstrain Failure
300.8,309.9,1312,65.3,Overstrain Failure
301.6,310.7,1380,51.8,Overstrain Failure
301.2,311.6,1461,52.9,Overstrain Failure
300.3,310.3,1362,60.3,Overstrain Failure
300.6,311.9,1372,60.1,Overstrain Failure
300.5,311.1,1296,61.3,Overstrain Failure
300.5,311.2,1270,67.5,Overstrain Failure
300.7,311.8,1336,58.4,Overstrain Failure
300.5,311.8,1368,57.9,Overstrain Failure
300.4,311.8,1272,59.2,Overstrain Failure
300.7,311.9,1335,57.1,Overstrain Failure
300.7,311.9,1399,50.2,Overstrain Failure
299.6,310.9,1229,65.2,Overstrain Failure
299.4,310.8,1376,53.9,Overstrain Failure
298.7,309.8,1181,65.9,Overstrain Failure
297.4,308.4,1369,50.6,Overstrain Failure
297.2,308.1,1340,61.3,Overstrain Failure
297.3,308.2,1396,52.7,Overstrain Failure
298.1,308.6,1354,53.9,Overstrain Failure
299.1,309.8,1398,55.4,Overstrain Failure
299,309.9,1373,55.7,Overstrain Failure
299.1,310,1367,56.3,Overstrain Failure
298.9,309.8,1287,61.9,Overstrain Failure
299.1,310.1,1435,48.8,Overstrain Failure
299.1,310.2,1317,54.8,Overstrain Failure
299.2,310.3,1352,48.9,Overstrain Failure
298.5,309.4,1360,60.9,Overstrain Failure
298.3,309.3,1337,56.1,Overstrain Failure
